[
    {
        "c": "i_title",
        "t": "all",
        "m": "MEN",
        "u": "options.html",
        "l": "all",
        "v": 10
    },
    {
        "c": "c_bookmarks",
        "t": "chrome",
        "m": "MEN",
        "u": "chrome://bookmarks/#1",
        "l": "all",
        "v": 10
    },
    {
        "c": "c_clearBD",
        "t": "chrome",
        "m": "MEN",
        "u": "chrome://settings/clearBrowserData",
        "l": "all",
        "v": 10
    },
    {
        "c": "c_downloads",
        "t": "chrome",
        "m": "MEN",
        "u": "chrome://downloads/",
        "l": "all",
        "v": 10
    },
    {
        "c": "c_extensions",
        "t": "chrome",
        "m": "MEN",
        "u": "chrome://extensions/",
        "l": "all",
        "v": 10
    },
    {
        "c": "c_flags",
        "t": "chrome",
        "m": "MEN",
        "u": "chrome://flags/",
        "l": "all",
        "v": 10
    },
    {
        "c": "c_history",
        "t": "chrome",
        "m": "MEN",
        "u": "chrome://history/",
        "l": "all",
        "v": 10
    },
    {
        "c": "c_plugins",
        "t": "chrome",
        "m": "MEN",
        "u": "chrome://plugins/",
        "l": "all",
        "v": 10
    },
    {
        "c": "c_settings",
        "t": "chrome",
        "m": "MEN",
        "u": "chrome://settings/",
        "l": "all",
        "v": 10
    },
    {
        "c": "c_version",
        "t": "chrome",
        "m": "MEN",
        "u": "chrome://version/",
        "l": "all",
        "v": 10
    },
    {
        "c": "facebook_menu",
        "t": "sns",
        "m": "MEN",
        "u": "https://www.facebook.com/dialog/feed?app_id=365325133587367&link=%s&redirect_uri=https%3A//www.facebook.com",
        "l": "all",
        "v": 10
    },
    {
        "c": "gmail_page",
        "t": "sns",
        "m": "MEN",
        "u": "https://mail.google.com/mail/?view=cm&fs=1&tf=1&source=mailto&body=%s",
        "l": "all",
        "v": 10
    },
    {
        "c": "qr",
        "t": "utils",
        "m": "MEN",
        "u": "qr",
        "l": "all",
        "v": 10
    },
    {
        "c": "su",
        "t": "utils",
        "m": "MEN",
        "u": "su",
        "l": "all",
        "v": 10
    },
    {
        "c": "su_alert",
        "t": "utils",
        "m": "MEN",
        "u": "su_alert",
        "l": "all",
        "v": 10
    },
    {
        "c": "tab_close",
        "t": "utils",
        "m": "MEN",
        "u": "tab_close",
        "l": "all",
        "v": 10
    },
    {
        "c": "c_appcache",
        "t": "chrome",
        "m": "MEN",
        "u": "chrome://appcache-internals",
        "l": "en",
        "v": 10
    },
    {
        "c": "c_credits",
        "t": "chrome",
        "m": "MEN",
        "u": "chrome://credits/",
        "l": "en",
        "v": 10
    },
    {
        "c": "c_memory",
        "t": "chrome",
        "m": "MEN",
        "u": "chrome://memory-redirect/",
        "l": "en",
        "v": 10
    },
    {
        "c": "twitter_men",
        "t": "sns",
        "m": "MEN",
        "u": "https://twitter.com/intent/tweet?url=%s",
        "l": "en",
        "v": 10
    },
    {
        "c": "qzone",
        "t": "sns",
        "m": "MEN",
        "u": "http://sns.qzone.qq.com/cgi-bin/qzshare/cgi_qzshare_onekey?url=%s&title=%l",
        "l": "zh_CN",
        "v": 10
    },
    {
        "c": "weibo",
        "t": "sns",
        "m": "MEN",
        "u": "http://service.weibo.com/share/share.php?appkey=1144650722&url=%s",
        "l": "zh_CN",
        "v": 10
    },
    {
        "c": "bing",
        "t": "all",
        "m": "TXT",
        "u": "http://www.bing.com/search?q=%s",
        "l": "all",
        "v": 10
    },
    {
        "c": "duckduckgo",
        "t": "all",
        "m": "TXT",
        "u": "https://duckduckgo.com/?q=%s",
        "l": "all",
        "v": 10
    },
    {
        "c": "google",
        "t": "all",
        "m": "TXT",
        "u": "https://www.google.com/#newwindow=1&q=%s",
        "l": "all",
        "v": 10
    },
    {
        "c": "translate",
        "t": "fy",
        "m": "TXT",
        "u": "http://translate.google.com/?q=%s",
        "l": "all",
        "v": 10
    },
    {
        "c": "Baidu fanyi",
        "t": "fy",
        "m": "TXT",
        "u": "http://fanyi.baidu.com/?#en/zh/%s",
        "l": "all",
        "v": 10
    },
    {
        "c": "thepiratebay",
        "t": "movie",
        "m": "TXT",
        "u": "http://thepiratebay.ee/s/%s",
        "l": "all",
        "v": 10
    },
    {
        "c": "youtube",
        "t": "movie",
        "m": "TXT",
        "u": "http://www.youtube.com/results?search_query=%s",
        "l": "all",
        "v": 10
    },
    {
        "c": "bing_images",
        "t": "pic",
        "m": "TXT",
        "u": "http://www.bing.com/images/search?q=%s",
        "l": "all",
        "v": 10
    },
    {
        "c": "google_img",
        "t": "pic",
        "m": "TXT",
        "u": "https://www.google.com/search?q=%s&tbm=isch",
        "l": "all",
        "v": 10
    },
    {
        "c": "facebook",
        "t": "sns",
        "m": "TXT",
        "u": "http://www.facebook.com/search/results.php?q=%s",
        "l": "all",
        "v": 10
    },
    {
        "c": "gmail_txt",
        "t": "sns",
        "m": "TXT",
        "u": "https://mail.google.com/mail/?view=cm&fs=1&tf=1&body=%s&source=mailto",
        "l": "all",
        "v": 10
    },
    {
        "c": "google_plus",
        "t": "sns",
        "m": "TXT",
        "u": "https://plus.google.com/s/%s",
        "l": "all",
        "v": 10
    },
    {
        "c": "qr_txt",
        "t": "utils",
        "m": "TXT",
        "u": "qr_txt",
        "l": "all",
        "v": 10
    },
    {
        "c": "Yahoo",
        "t": "all",
        "m": "TXT",
        "u": "http://search.yahoo.com/search?p=%s",
        "l": "en",
        "v": 10
    },
    {
        "c": "Amazon_com",
        "t": "shop",
        "m": "TXT",
        "u": "http://www.amazon.com/gp/s?keyword=%s",
        "l": "en",
        "v": 10
    },
    {
        "c": "twitter",
        "t": "sns",
        "m": "TXT",
        "u": "https://twitter.com/search?q=%s",
        "l": "en",
        "v": 10
    },
    {
        "c": "twitter_share",
        "t": "sns",
        "m": "TXT",
        "u": "https://twitter.com/intent/tweet?text=%s",
        "l": "en",
        "v": 10
    },
    {
        "c": "en_wikipedia",
        "t": "utils",
        "m": "TXT",
        "u": "http://en.wikipedia.org/wiki/Special:Search?search=%s",
        "l": "en",
        "v": 10
    },
    {
        "c": "baidu",
        "t": "all",
        "m": "TXT",
        "u": "http://www.baidu.com/s?wd=%s",
        "l": "zh_CN",
        "v": 10
    },
    {
        "c": "baidu_site",
        "t": "all",
        "m": "TXT",
        "u": "http://www.baidu.com/s?wd=site%3A%u+%s",
        "l": "zh_CN",
        "v": 10
    },
    {
        "c": "google_hk",
        "t": "all",
        "m": "TXT",
        "u": "https://www.google.hk/search?hl=zh-CN&q=%s",
        "l": "zh_CN",
        "v": 10
    },
    {
        "c": "scholar",
        "t": "book",
        "m": "TXT",
        "u": "https://scholar.google.com/scholar?q=%s&hl=zh-CN",
        "l": "zh_CN",
        "v": 10
    },
    {
        "c": "wenku",
        "t": "book",
        "m": "TXT",
        "u": "http://wenku.baidu.com/search?word=%g",
        "l": "zh_CN",
        "v": 10
    },
    {
        "c": "image_baidu",
        "t": "pic",
        "m": "TXT",
        "u": "http://image.baidu.com/i?ie=utf-8&word=%s",
        "l": "zh_CN",
        "v": 10
    },
    {
        "c": "amazon",
        "t": "shop",
        "m": "TXT",
        "u": "http://www.amazon.cn/s/?field-keywords=%s",
        "l": "zh_CN",
        "v": 10
    },
    {
        "c": "ditu",
        "t": "utils",
        "m": "TXT",
        "u": "https://ditu.google.com/maps?hl=zh-cn&newwindow=1&q=%s",
        "l": "zh_CN",
        "v": 10
    },
    {
        "c": "ditu_bing",
        "t": "utils",
        "m": "TXT",
        "u": "http://cn.bing.com/ditu/?q=%s",
        "l": "zh_CN",
        "v": 10
    },
    {
        "c": "kd",
        "t": "utils",
        "m": "TXT",
        "u": "kd",
        "l": "zh_CN",
        "v": 10
    },
    {
        "c": "wikipedia",
        "t": "utils",
        "m": "TXT",
        "u": "http://zh.wikipedia.org/wiki/Special:Search?search=%s",
        "l": "zh_CN",
        "v": 10
    },
    {
        "c": "google_tw",
        "t": "all",
        "m": "TXT",
        "u": "https://www.google.tw/search?hl=zh-TW&q=%s",
        "l": "zh_TW",
        "v": 10
    },
    {
        "c": "tw_wikipedia",
        "t": "utils",
        "m": "TXT",
        "u": "http://tw.wikipedia.org/wiki/Special:Search?search=%s",
        "l": "zh_TW",
        "v": 10
    },
    {
        "c": "google_pic",
        "t": "all",
        "m": "PIC",
        "u": "http://www.google.com/searchbyimage?image_url=%s",
        "l": "all",
        "v": 10
    },
    {
        "c": "facebook_pic",
        "t": "sns",
        "m": "PIC",
        "u": "https://www.facebook.com/dialog/feed?app_id=365325133587367&picture=%s&redirect_uri=https%3A//www.facebook.com",
        "l": "all",
        "v": 10
    },
    {
        "c": "gmail_pic",
        "t": "sns",
        "m": "PIC",
        "u": "https://mail.google.com/mail/?view=cm&tf=1&source=mailto&body=%s&fs=1",
        "l": "all",
        "v": 10
    },
    {
        "c": "qr_decode",
        "t": "utils",
        "m": "PIC",
        "u": "qr_decode",
        "l": "all",
        "v": 10
    },
    {
        "c": "qr_pic",
        "t": "utils",
        "m": "PIC",
        "u": "qr_pic",
        "l": "all",
        "v": 10
    },
    {
        "c": "su_pic",
        "t": "utils",
        "m": "PIC",
        "u": "su_pic",
        "l": "all",
        "v": 10
    },
    {
        "c": "su_pic_alert",
        "t": "utils",
        "m": "PIC",
        "u": "su_pic_alert",
        "l": "all",
        "v": 10
    },
    {
        "c": "exif",
        "t": "pic",
        "m": "PIC",
        "u": "http://regex.info/exif.cgi?dummy=on&imgurl=%s",
        "l": "en",
        "v": 10
    },
    {
        "c": "twitter_pic",
        "t": "sns",
        "m": "PIC",
        "u": "https://twitter.com/intent/tweet?url=%s",
        "l": "en",
        "v": 10
    },
    {
        "c": "weibo_pic",
        "t": "sns",
        "m": "PIC",
        "u": "http://service.weibo.com/share/share.php?appkey=1144650722&pic=%s",
        "l": "zh_CN",
        "v": 10
    },
    {
        "c": "bing_site",
        "t": "all",
        "m": "LIN",
        "u": "http://www.bing.com/search?q=site%3A%s",
        "l": "all",
        "v": 10
    },
    {
        "c": "google_link",
        "t": "all",
        "m": "LIN",
        "u": "https://www.google.com/search?q=link%3A%s",
        "l": "all",
        "v": 10
    },
    {
        "c": "google_site",
        "t": "all",
        "m": "LIN",
        "u": "https://www.google.com/search?q=site%3A%s",
        "l": "all",
        "v": 10
    },
    {
        "c": "facebook_lin",
        "t": "sns",
        "m": "LIN",
        "u": "https://www.facebook.com/dialog/feed?app_id=365325133587367&redirect_uri=https%3A//www.facebook.com&link=%s",
        "l": "all",
        "v": 10
    },
    {
        "c": "gmail_lin",
        "t": "sns",
        "m": "LIN",
        "u": "https://mail.google.com/mail/?view=cm&fs=1&source=mailto&body=%s&tf=1",
        "l": "all",
        "v": 10
    },
    {
        "c": "qr_lin",
        "t": "utils",
        "m": "LIN",
        "u": "qr_lin",
        "l": "all",
        "v": 10
    },
    {
        "c": "su_lin",
        "t": "utils",
        "m": "LIN",
        "u": "su_lin",
        "l": "all",
        "v": 10
    },
    {
        "c": "su_lin_alert",
        "t": "utils",
        "m": "LIN",
        "u": "su_lin_alert",
        "l": "all",
        "v": 10
    },
    {
        "c": "twitter_lin",
        "t": "sns",
        "m": "LIN",
        "u": "https://twitter.com/intent/tweet?url=%s",
        "l": "en",
        "v": 10
    },
    {
        "c": "weibo_lin",
        "t": "sns",
        "m": "LIN",
        "u": "http://service.weibo.com/share/share.php?url=%s&appkey=1144650722",
        "l": "zh_CN",
        "v": 10
    }
]
